2г,Губанов Альвиз Савельевич
I
Ктитарев Чеслав Октавьевич,М,2015.08.19,+7(196)177-04-15,+7(563)446-53-70
Невзоров Якун Нацагдоржович,М,2015.03.10,+7(401)489-07-86,+7(176)069-85-09
Терешкова Евлалия Фаддеевна,Ж,2016.01.31,+7(538)198-47-97,+7(498)511-97-79
Островкова Новелла Вигговна,Ж,2016.01.24,+7(953)545-73-44,+7(806)938-16-18
Фединина Летиция Лоренцовна,Ж,2015.03.19,+7(947)664-73-16,+7(115)188-79-97
Константиновский Онисим Насифович,М,2015.11.06,+7(348)077-44-94,+7(538)510-59-67
Петрюняа Керкира Стефановна,Ж,2015.03.06,+7(687)781-14-06,+7(375)561-98-49
Тахтамыш Ерофей Хоселитович,М,2015.07.14,+7(664)479-89-68,+7(681)155-15-06
Елецких Ираида Фёдоровна,Ж,2016.01.10,+7(446)976-85-63,+7(035)314-63-73
Комогоров Тьяго Арфаксадович,М,2015.12.19,+7(079)143-64-31,+7(746)494-97-81
Кислицин Маркел Витальевич,М,2016.01.28,+7(069)849-14-66,+7(309)478-05-34
II
Берестевича Арминия Автономовна,Ж,2015.04.21,+7(435)378-65-86,+7(065)791-47-44
Левковича Досифея Сигебертовна,Ж,2015.06.01,+7(577)437-30-97,+7(934)136-59-57
Щурин Джон Альвианович,М,2015.10.29,+7(517)395-50-68,+7(580)566-71-47
Давыдива Леонтина Амвросьевна,Ж,2015.10.02,+7(848)580-39-06,+7(011)606-57-50
Рукавичников Ричард Гьялценович,М,2015.11.15,+7(966)453-88-60,+7(511)154-69-45
Евтихьева Медея Руфиновна,Ж,2015.07.16,+7(174)334-73-93,+7(418)707-71-09
Быховский Мечислав Кадваллонович,М,2015.01.02,+7(818)378-80-19,+7(866)710-31-08
Паникарова Хаврония Авирмэдовна,Ж,2015.10.07,+7(431)089-46-18,+7(449)975-31-40
Фабриканта Паисия Урызмаговна,Ж,2015.01.18,+7(835)401-50-96,+7(678)030-19-55
Возгривая Мастридия Максимилиановна,Ж,2015.03.15,+7(919)178-13-37,+7(466)706-99-54
Эстрин Эдмунд Ильич,М,2015.07.13,+7(914)661-49-43,+7(187)385-30-37
Беклемишев Вописк Федосеевич,М,2015.09.08,+7(981)574-40-30,+7(710)476-47-73
Синеокова Пульхерья Кузьминична,Ж,2015.11.13,+7(348)784-89-19,+7(880)668-07-94
