4в,Французовa Модеста Мурадовна
I
Юшанкин Истислав Октавиович,М,2013.01.27,+7(463)453-31-97,+7(408)185-16-08
Шапиркин Разумник Мануэльевич,М,2013.02.22,+7(749)781-54-15,+7(788)463-35-85
Ревнивый Маний Амирович,М,2013.01.10,+7(473)053-30-14,+7(047)817-47-80
Карасев Иштван Луитпольдович,М,2013.03.18,+7(700)894-16-98,+7(666)767-71-78
Серганова Юдита Еремеевна,Ж,2013.04.11,+7(534)967-13-01,+7(617)879-65-97
Карандеева Чеслава Венедиктовна,Ж,2013.01.27,+7(938)480-19-77,+7(538)597-09-13
Верхотурцева Виолетта Тьяговна,Ж,2013.06.26,+7(853)483-97-33,+7(575)515-33-90
Брехов Квинт Лукич,М,2013.04.01,+7(953)395-03-50,+7(193)063-59-87
Райковский Философ Валентинович,М,2013.02.13,+7(567)616-06-19,+7(536)801-19-08
Рогатников Афинагор Наумович,М,2013.05.15,+7(811)185-99-77,+7(030)196-53-81
Феногенова Хильдегарда Тарасовна,Ж,2013.04.02,+7(461)098-11-71,+7(616)811-41-04
Пантелеенко Осип Брониславович,М,2013.02.14,+7(951)175-35-09,+7(358)491-89-16
Писанин Модест Илияович,М,2013.12.04,+7(573)801-44-94,+7(649)183-41-65
II
Пименова Юлиания Лавсовна,Ж,2013.11.19,+7(059)918-99-55,+7(900)965-94-91
Пиньгина Арминия Уильямовна,Ж,2013.10.08,+7(477)691-71-63,+7(157)065-70-06
Скоропада Святослава Альвиановна,Ж,2013.01.19,+7(008)486-54-33,+7(975)416-83-76
Баскина Велимира овна,Ж,2013.03.18,+7(874)506-60-68,+7(046)814-99-66
Серпухов Валентин Гинкмарович,М,2013.01.03,+7(938)856-17-56,+7(354)364-60-66
Савнова Глорибза Моисеевна,Ж,2013.07.26,+7(183)094-51-85,+7(705)637-59-87
Жадный Адриан Илмариевич,М,2013.11.03,+7(705)363-45-03,+7(994)706-84-66
Строителев Гелий Ахмадович,М,2013.05.24,+7(996)573-95-66,+7(698)556-65-90
Ильюка Руфиниана Шарльевна,Ж,2013.09.10,+7(559)570-00-68,+7(930)988-34-68
Астанин Салман Басирович,М,2013.01.08,+7(046)660-01-85,+7(943)461-10-15
Пищало Дайна Валерьяновна,Ж,2013.03.05,+7(175)475-91-39,+7(104)815-55-40
Плохих Энрико Рагуилович,М,2013.05.24,+7(380)845-71-48,+7(174)735-33-60
Галаев Герберт Сарматович,М,2013.02.14,+7(487)758-97-75,+7(110)680-53-44
