5д,Павлюченковa Валия Артуровна
I
Хлопушина Каллисфения Хасановна,Ж,2012.03.14,+7(173)719-05-55,+7(808)877-96-45
Амеленко Иннокентий Лукасович,М,2012.02.04,+7(343)746-09-68,+7(483)569-96-46
Мартюгина Ширин Хоселитовна,Ж,2012.07.03,+7(885)415-14-36,+7(478)764-00-77
Девятоеа Анисия Иракльевна,Ж,2012.02.18,+7(816)371-59-70,+7(956)907-64-16
Чегломова Пелагея Гаврииловна,Ж,2012.07.08,+7(764)658-45-94,+7(835)641-58-09
Ростовщиков Берт Иоганнесович,М,2012.04.02,+7(540)891-56-56,+7(117)836-31-36
Фалов Моисей Александрович,М,2012.11.24,+7(976)106-63-86,+7(991)935-30-61
Галашов Конрад Гелиевич,М,2012.01.22,+7(888)693-18-94,+7(981)844-75-35
Ермакова Эмма Александровна,Ж,2012.08.04,+7(114)454-99-70,+7(448)710-48-90
Зеркина Любомира Мефодьевна,Ж,2012.04.18,+7(133)874-47-37,+7(053)551-51-88
Тимонаев Паисий Авксентьевич,М,2012.05.25,+7(168)146-43-43,+7(576)935-58-00
Срубщикова Глорибза Герасимовна,Ж,2012.10.14,+7(578)850-53-04,+7(845)161-78-61
Белогузова Еликонида Венедиктовна,Ж,2012.12.04,+7(751)156-55-36,+7(803)580-64-16
II
Байко Наина Безсоновна,Ж,2012.11.18,+7(818)758-66-40,+7(918)186-61-68
Чуева Ефросинья Никитовна,Ж,2012.01.04,+7(071)306-11-70,+7(197)009-79-10
Резвова Эдит Михаиловна,Ж,2012.08.27,+7(186)667-38-48,+7(517)618-68-31
Галочкина Амата Исмаиловна,Ж,2012.09.08,+7(697)476-91-44,+7(337)648-90-55
Стеженская Эдит Диодоровна,Ж,2013.01.12,+7(473)679-44-76,+7(719)944-06-61
Баташова Дарья Хетаговна,Ж,2012.07.13,+7(930)518-74-53,+7(841)055-17-61
Калистов Аввакум Руфинович,М,2012.12.06,+7(007)538-70-66,+7(318)590-48-41
Бродников Радмир Болеславович,М,2012.04.03,+7(784)038-66-51,+7(675)591-19-96
Вторников Кутлуг-Буга Дональдович,М,2012.05.09,+7(110)710-73-59,+7(057)587-57-57
Козьякова Галина Ефимовна,Ж,2012.07.02,+7(678)063-97-19,+7(866)875-55-36
Сведенцева Милия Ермаковна,Ж,2012.08.16,+7(965)915-83-00,+7(450)464-65-63
Хохрякова Лина Куприяновна,Ж,2012.07.11,+7(668)051-58-55,+7(580)818-90-45
Серышев Авнер Тарасович,М,2012.06.29,+7(356)640-80-38,+7(046)503-58-66
