7а,Яцких Селина Хильдериковна
I
Резановича Василина Аврельевна,Ж,2010.10.10,+7(967)074-05-08,+7(086)838-96-51
Судоплатов Ерванд Иоганнович,М,2010.03.17,+7(335)139-51-51,+7(033)430-43-76
Ногаев Назар Епифаньевич,М,2010.12.03,+7(174)898-35-95,+7(931)664-43-96
Федышина Антонина Германновна,Ж,2010.11.15,+7(065)099-90-43,+7(777)413-19-74
Недоспасов Гримоальд Сабитович,М,2010.12.27,+7(114)006-78-61,+7(401)590-34-60
Судьбин Захар Гейдарович,М,2010.10.24,+7(864)864-87-96,+7(334)300-51-18
Вотяков Ибрагим Олафович,М,2010.10.27,+7(740)938-66-57,+7(973)663-34-00
Бакулина Лота Иановна,Ж,2011.01.14,+7(311)154-79-77,+7(103)303-19-89
Очирова Антигона Сергеевна,Ж,2010.12.04,+7(064)585-33-11,+7(596)684-34-47
Леденева Фрида Юлиусовна,Ж,2010.07.24,+7(760)394-67-75,+7(336)648-73-79
Зайкин Аристон Матфеевич,М,2010.02.12,+7(564)360-96-01,+7(041)156-98-56
Кудашева Перегрина Несторовна,Ж,2010.01.22,+7(130)013-94-88,+7(094)733-04-34
Опухтина Евникия Аботуровна,Ж,2010.06.11,+7(431)106-93-04,+7(094)179-89-93
II
Свинкина Кама Ильфатовна,Ж,2010.10.14,+7(585)144-71-43,+7(463)686-58-35
Новокшенова Гульнара Каликстовна,Ж,2010.08.22,+7(756)661-13-68,+7(841)598-04-98
Щекотихина Сабина Дарьевна,Ж,2010.12.22,+7(070)365-84-40,+7(444)815-70-53
Гранина Сима Джейкобовна,Ж,2010.02.11,+7(109)940-77-86,+7(969)951-99-17
Барахвостов Гоар Ансельмович,М,2010.02.11,+7(933)348-95-65,+7(916)364-66-39
Ежикова Маркеллина Александровна,Ж,2010.07.02,+7(449)039-91-16,+7(913)189-57-56
Смехов Шарль Адонирамович,М,2010.03.25,+7(448)315-18-63,+7(016)586-13-40
Шелковый Криспин Жеромович,М,2010.05.04,+7(631)499-93-87,+7(650)178-11-08
Челдонова Аполлония Ерофеевна,Ж,2011.01.04,+7(645)040-88-58,+7(404)406-96-85
Алдущенков Этьен Илияович,М,2010.10.07,+7(664)119-03-57,+7(144)659-59-51
Немцова Мальвина Половна,Ж,2010.04.02,+7(784)797-50-40,+7(583)134-37-61
