Павлюченковa Валия Артуровна,+7(796)782-15-85,munkhcdz@rambler.ru,англ
Космач Бартоломео Федотович,+7(893)352-86-79,knsjsgnl@mail.ru,"англ,фарси"
Ромашихин Киллиан Емельянович,+7(468)085-05-28,qdwzosm@rambler.ru,"англ,нем"
Гоглачевa Дарина Септимиевна,+7(584)323-83-11,ekkcytn@mail.ru,"англ,нем"
Мартышковa Марионелла Володарьевна,+7(302)162-48-32,dqowazyeh@mail.ru,англ
Гусляровa Олеся Несторовна,+7(006)856-32-44,ksodvddk@post.ru,англ
Французовa Модеста Мурадовна,+7(063)688-37-11,vbrhn@list.ru,англ
Фиговский Иосафат Зиeвич,+7(541)921-35-80,qnlywxal@post.ru,"инф,техн,проект"
Боташевa Азелла Леонхардовна,+7(439)429-61-74,ymhnrthi@mail.ru,"инф,техн,проект,мат"
Калининская Заира Кимовна,+7(921)502-81-51,inorsitv@rambler.ru,"инф,проект"
Иоселович Магдалина Гордеевна,+7(867)580-63-98,wvwcnij@list.ru,инф
Гурилёвa Ядвига Адилевна,+7(943)818-76-57,vpshitfve@post.ru,"инф,техн"
Гудаевa Ноэми Эберхардовна,+7(857)130-91-30,mgxbuu@rambler.ru,"инф,техн"
Бачуринская Тахмина Джоновна,+7(812)468-05-32,ayflot@post.ru,мат
Бархоткин Октавий Бертович,+7(161)929-83-30,ntbhgae@list.ru,мат
Павлюковецa Клеопатра Зиноновна,+7(605)855-14-97,dpogywb@post.ru,мат
Подлекаревa Флорентина Золтановна,+7(822)432-85-93,mybxh@yandex.ru,мат
Коженко Алфея Иродионовна,+7(266)065-08-99,vufrgpdo@yandex.ru,мат
Скоробогатовa Филарета Линкеевна,+7(053)253-79-89,uulxmfo@list.ru,мат
Постельников Аркадий Илларионович,+7(474)868-26-80,klomcutfa@post.ru,мат
Колюхинa Горислава Османовна,+7(863)675-15-80,feawcq@rambler.ru,мат
Степчевa Агафоника Лавсовна,+7(269)231-65-65,rfrlwia@mail.ru,мат
Буланый Абид Семёнович,+7(562)274-85-55,xhkbbju@mail.ru,мат
Раздобаринa Денница Васильевна,+7(867)096-80-12,abjhq@post.ru,"рус,лит"
Галикарнакская Марина Конрадовна,+7(211)553-42-59,msmdfqwr@yandex.ru,"рус,лит"
Амеличев Ландульф Альбинович,+7(307)224-90-18,tvphieerk@list.ru,"рус,лит"
Ожгихин Герман Корнилиевич,+7(770)908-17-15,bfpuoalz@yandex.ru,"рус,лит"
Кривощаповa Каллисфения Савватиевна,+7(309)319-42-47,ugoyhz@post.ru,"рус,лит"
Днепровская Кикилия Касьяновна,+7(263)656-96-24,awmdvmwo@post.ru,"рус,лит"
Ященко Земфира Клавдиановна,+7(147)362-84-48,uvsxe@mail.ru,"ист,общ"
Воронцовa Бланка Кадировна,+7(330)840-65-78,hrzyzxh@rambler.ru,"ист,общ"
Базырин Тихомир Викторович,+7(631)561-03-82,rzcbd@list.ru,"ист,общ"
Уткин Эдна Викторович,+7(731)264-64-86,mxdom@list.ru,"ист,общ"
Яцких Селина Хильдериковна,+7(649)316-29-95,kxrhmrgns@list.ru,"ист,общ"
Арестовa Каролина Октавиевна,+7(119)956-48-26,qdbgv@post.ru,
Бузуновa Аксинья Святославовна,+7(253)051-18-58,beabml@list.ru,физра
Евграновa Тина Кадваллоновна,+7(383)037-14-35,idgnm@mail.ru,
Онохинa Валентина Рагуиловна,+7(105)206-07-85,osevsx@mail.ru,
Кострецовa Леда Гельмутовна,+7(618)043-87-16,wkehhaqvg@list.ru,физра
Хрущев Фарид Геронтиевич,+7(124)622-82-50,wtckqqlr@mail.ru,физра
Асташев Алон Рейнхардович,+7(414)048-33-12,ozsllc@yandex.ru,физра
Губанов Альвиз Савельевич,+7(811)131-74-99,qjenzxwk@rambler.ru,
Феденко Фессалоникия Эразмовна,+7(583)368-67-80,siproxkm@yandex.ru,шахм
Элевертов Кристиан Даниилович,+7(390)181-88-77,dract@yandex.ru,физ
Чевыкинa Консуэлла Хильдериковна,+7(586)541-79-52,vunyeueen@list.ru,физ
Неустроев Харрисон Публиевич,+7(415)188-88-78,dyqvfmx@yandex.ru,физ
Балабановa Настасия Климентовна,+7(646)959-63-32,lfplheya@yandex.ru,физ
Егорновa Каролина Эллиотовна,+7(633)594-80-44,lwbmbba@list.ru,биол
Рабин Георгий Аланович,+7(672)958-30-63,rtcucs@yandex.ru,биол
Брандахлыстова Людмила Петровна,+7(892)098-12-34,branda@yandex.ru,
Сидоров Антиох Елпидифорович,+7(216)126-09-56,sidoroff@mail.ru,
Попугайчиков Флегонт Егорович,+7(111)222-33-44,popka123@list.ru,геогр
